Series Name,Series Code,Country Name,1990 [YR1990],2000 [YR2000],2008 [YR2008],2009 [YR2009],2010 [YR2010],2011 [YR2011],2012 [YR2012],2013 [YR2013],2014 [YR2014],2015 [YR2015],2016 [YR2016],2017 [YR2017]
Fixed broadband subscriptions (per 100 people),IT.NET.BBND.P2,Afghanistan,..,..,0.001849646,0.003609042,0.005282097,..,0.005029416,0.004909715,0.004795317,0.022079691,0.026889758,..
Fixed broadband subscriptions (per 100 people),IT.NET.BBND.P2,Albania,..,..,2.027492802,2.919536619,3.350292352,4.065147629,5.062738707,5.75292813,6.527599404,7.596854658,8.227068256,..
Fixed broadband subscriptions (per 100 people),IT.NET.BBND.P2,Algeria,..,..,1.357578396,2.248284117,2.428309557,2.597126783,3.000771406,3.264623716,4.006346574,5.584923796,6.919541673,..
Fixed broadband subscriptions (per 100 people),IT.NET.BBND.P2,American Samoa,..,..,..,..,..,..,..,..,..,..,..,..
Fixed broadband subscriptions (per 100 people),IT.NET.BBND.P2,Andorra,..,..,25.85001688,29.1651305,31.45031897,33.08675271,34.33511996,35.00972001,35.89385301,37.91723286,39.82447324,..
Fixed broadband subscriptions (per 100 people),IT.NET.BBND.P2,Angola,..,..,0.087046064,0.079253328,0.076729781,0.078377681,0.098518169,0.103774201,0.306045088,0.672968878,0.523521411,..
Fixed broadband subscriptions (per 100 people),IT.NET.BBND.P2,Antigua and Barbuda,..,..,5.841896214,18.5561993,8.160902411,6.806425265,14.67401677,17.38845363,11.83019262,10.89063623,9.985551626,..
Fixed broadband subscriptions (per 100 people),IT.NET.BBND.P2,Argentina,..,..,7.85042465,8.772380304,9.977251823,11.22554546,12.53095176,15.08223447,15.57170188,16.26343491,16.93874298,..
Fixed broadband subscriptions (per 100 people),IT.NET.BBND.P2,Armenia,..,..,0.463444353,1.343865581,3.157959383,5.417223324,7.142041595,8.165718482,9.144970325,9.577593598,10.12594267,..
Fixed broadband subscriptions (per 100 people),IT.NET.BBND.P2,Aruba,..,..,18.15203663,18.53714331,18.91492859,..,..,18.65689771,18.56310004,18.28875049,..,..
Fixed broadband subscriptions (per 100 people),IT.NET.BBND.P2,Australia,..,..,24.55521678,23.69181885,24.59328685,24.41455206,24.88018575,25.62273287,27.65955673,28.54145037,30.44211286,..
Fixed broadband subscriptions (per 100 people),IT.NET.BBND.P2,Austria,..,2.375234126,20.72612399,22.43894946,24.40393415,24.87522071,25.167924,26.27971624,27.6669166,28.69325283,29.3775973,..
Fixed broadband subscriptions (per 100 people),IT.NET.BBND.P2,Azerbaijan,..,..,0.675853087,1.112809258,5.226055387,10.58273509,14.71264402,18.18868169,19.94842398,19.76010603,18.58293602,..
Fixed broadband subscriptions (per 100 people),IT.NET.BBND.P2,"Bahamas, The",..,..,7.320434059,8.911061463,6.852187807,4.230054241,20.95117755,19.20906051,20.17089638,20.90522747,21.9904817,..
Fixed broadband subscriptions (per 100 people),IT.NET.BBND.P2,Bahrain,..,..,8.38842405,11.708639,12.3779777,22.55021025,22.41470239,22.52383515,21.3949592,18.60970519,16.81957187,..
Fixed broadband subscriptions (per 100 people),IT.NET.BBND.P2,Bangladesh,..,..,0.033790641,0.211834403,0.274321057,0.306484724,0.388157065,0.974057518,1.951372689,3.05024743,3.766623743,..
Fixed broadband subscriptions (per 100 people),IT.NET.BBND.P2,Barbados,..,..,17.72693546,20.53898482,20.03951554,22.22608622,23.61548049,23.81852419,27.1720512,27.22570457,30.07625766,..
Fixed broadband subscriptions (per 100 people),IT.NET.BBND.P2,Belarus,..,..,5.001987798,11.46666653,17.5599906,22.2008592,26.91989248,29.7738364,28.84034987,31.35639018,33.29528607,..
Fixed broadband subscriptions (per 100 people),IT.NET.BBND.P2,Belgium,..,1.404457178,27.68605306,29.02903684,30.82948735,32.1965793,33.3813498,34.48085259,35.99290946,36.84966063,38.00608379,..
Fixed broadband subscriptions (per 100 people),IT.NET.BBND.P2,Belize,..,..,2.741326684,2.770616844,2.888899691,3.066270393,3.077516509,2.982826152,2.913838673,4.99974108,6.190103712,..
Fixed broadband subscriptions (per 100 people),IT.NET.BBND.P2,Benin,..,..,0.093878579,0.206270399,0.284275229,0.383801501,0.415503315,0.411460328,0.42850094,0.673383807,0.814711015,..
Fixed broadband subscriptions (per 100 people),IT.NET.BBND.P2,Bermuda,..,..,52.5074613,61.71696599,61.73884929,..,..,61.3703494,53.05601809,45.74704932,..,..
Fixed broadband subscriptions (per 100 people),IT.NET.BBND.P2,Bhutan,..,..,0.297619478,0.479460415,1.210005314,1.814158746,2.260110916,2.716503945,3.26287437,3.589877663,3.9408867,..
Fixed broadband subscriptions (per 100 people),IT.NET.BBND.P2,Bolivia,..,..,0.806520334,0.961974326,0.944686121,0.712309475,1.111898162,1.444055027,1.592812978,1.641350074,2.567407973,..
Fixed broadband subscriptions (per 100 people),IT.NET.BBND.P2,Bosnia and Herzegovina,..,0.000704158,4.880864788,7.580565551,10.16404619,11.20632758,12.24327815,13.47773892,14.1814646,16.62407152,17.36897523,..
Fixed broadband subscriptions (per 100 people),IT.NET.BBND.P2,Botswana,..,..,0.460253015,0.51236989,0.608223766,0.962651149,1.109630672,1.068206916,1.632993833,1.791749539,2.846641795,..
Fixed broadband subscriptions (per 100 people),IT.NET.BBND.P2,Brazil,..,0.057304982,5.223520654,6.062297331,7.223440846,9.055291779,9.624498717,10.66102504,11.67573652,12.24815561,12.97409798,..
Fixed broadband subscriptions (per 100 people),IT.NET.BBND.P2,British Virgin Islands,..,..,..,28.97294853,25.26907394,26.32888568,26.47037881,21.81292121,22.38288635,23.125,..,..
Fixed broadband subscriptions (per 100 people),IT.NET.BBND.P2,Brunei Darussalam,..,..,4.353159784,5.078346856,5.417044255,5.70339867,4.814937002,6.595992187,7.149962784,8.033107838,8.325534004,..
Fixed broadband subscriptions (per 100 people),IT.NET.BBND.P2,Bulgaria,..,..,11.24105602,13.40328493,15.22122564,17.13862118,18.29866618,19.68106352,20.65972954,22.69959921,23.25333339,..
Fixed broadband subscriptions (per 100 people),IT.NET.BBND.P2,Burkina Faso,..,..,0.070028976,0.079145585,0.088190151,0.087919505,0.087046642,0.076540438,0.030890465,0.040246447,0.046960344,..
Fixed broadband subscriptions (per 100 people),IT.NET.BBND.P2,Burundi,..,..,0.001855227,0.001792378,0.003812514,0.005209446,0.007127215,0.015094663,0.016217116,0.033655121,0.035372692,..
Fixed broadband subscriptions (per 100 people),IT.NET.BBND.P2,Cabo Verde,..,..,1.522745233,2.258942505,3.295932535,4.348535132,4.015566312,4.249775004,3.787648644,3.259396241,3.030048977,..
Fixed broadband subscriptions (per 100 people),IT.NET.BBND.P2,Cambodia,..,..,0.119034314,0.212100698,0.248285216,0.150624455,0.200031672,0.215709517,0.429061796,0.532650926,0.606704211,..
Fixed broadband subscriptions (per 100 people),IT.NET.BBND.P2,Cameroon,..,..,0.004388869,0.004476733,0.028868798,0.050637466,0.063807537,0.075941544,0.07120497,0.068396152,0.191739767,..
Fixed broadband subscriptions (per 100 people),IT.NET.BBND.P2,Canada,..,4.596255223,29.49455524,30.48652404,31.69731854,32.71506237,33.5550875,34.3771325,35.37816978,36.32432105,37.26995123,..
Fixed broadband subscriptions (per 100 people),IT.NET.BBND.P2,Cayman Islands,..,..,33.1304808,33.70796868,33.96206021,33.24322892,33.56783047,34.7993497,39.62617769,45.66344823,40.44475216,..
Fixed broadband subscriptions (per 100 people),IT.NET.BBND.P2,Central African Republic,..,..,..,..,..,0.0182588,0.013369548,..,..,0.018737969,0.020417264,..
Fixed broadband subscriptions (per 100 people),IT.NET.BBND.P2,Chad,..,..,..,0.002611833,0.002824044,0.130786023,0.156279937,0.114531309,0.076685247,0.08332583,0.074738122,..
Fixed broadband subscriptions (per 100 people),IT.NET.BBND.P2,Channel Islands,..,..,..,..,..,..,..,..,..,..,..,..
Fixed broadband subscriptions (per 100 people),IT.NET.BBND.P2,Chile,..,0.049694579,8.479367821,9.73812612,10.43309451,11.62001286,12.40396834,13.02614663,14.00852457,15.17200175,15.97393709,..
Fixed broadband subscriptions (per 100 people),IT.NET.BBND.P2,China,..,0.00176972,6.172412866,7.694963045,9.290704938,11.43542762,12.72147733,13.63406195,14.38408129,19.76659867,22.89671961,..
Fixed broadband subscriptions (per 100 people),IT.NET.BBND.P2,Colombia,..,0.022236713,3.924626377,4.617169769,5.690697589,7.111784007,8.25637629,9.39049889,10.27718213,11.15657452,11.79775894,..
Fixed broadband subscriptions (per 100 people),IT.NET.BBND.P2,Comoros,..,..,0.016941556,0.009908467,0.048164127,0.05712523,0.171845971,0.176890724,0.210382782,0.259720696,0.360259722,..
Fixed broadband subscriptions (per 100 people),IT.NET.BBND.P2,"Congo, Dem. Rep.",..,..,..,..,0,..,..,0.000666532,0.000720875,0.001403581,0.001366633,..
Fixed broadband subscriptions (per 100 people),IT.NET.BBND.P2,"Congo, Rep.",..,..,..,0.003128797,0.006080188,0.031026949,0.032095541,0.009847937,0.010968294,..,..,..
Fixed broadband subscriptions (per 100 people),IT.NET.BBND.P2,Costa Rica,..,..,2.425457965,3.969510308,8.485840051,8.860497121,9.335410209,9.952103438,10.44723766,11.16941845,11.5921903,..
Fixed broadband subscriptions (per 100 people),IT.NET.BBND.P2,Cote d'Ivoire,..,..,0.054764381,0.053759562,..,..,0.232699505,0.277026786,0.609749474,0.515170401,0.62605059,..
Fixed broadband subscriptions (per 100 people),IT.NET.BBND.P2,Croatia,..,..,12.1094895,16.49116193,19.3143565,20.64920804,21.34042125,22.25602919,23.04482351,23.17575376,24.61803304,..
Fixed broadband subscriptions (per 100 people),IT.NET.BBND.P2,Cuba,..,..,0.01988252,0.025538528,0.032849461,0.039206981,0.044477146,0.047578346,0.069218216,0.072514511,0.128407029,..
Fixed broadband subscriptions (per 100 people),IT.NET.BBND.P2,Curacao,..,..,..,..,..,20.98691288,22.91281642,23.30561854,23.89023456,24.32157993,25.51633045,..
Fixed broadband subscriptions (per 100 people),IT.NET.BBND.P2,Cyprus,..,..,18.74455899,21.80944121,23.49341549,24.98810365,25.53304781,26.591832,28.55262541,30.91448227,33.03083857,..
Fixed broadband subscriptions (per 100 people),IT.NET.BBND.P2,Czech Republic,..,0.024389297,16.89986281,19.41661007,21.42546013,23.64613374,24.92464623,26.68767917,27.88349632,27.34164976,27.65087791,..
Fixed broadband subscriptions (per 100 people),IT.NET.BBND.P2,Denmark,..,1.255085202,36.49277743,36.61391489,38.05479378,38.44225815,38.93602084,40.44068654,41.51919512,42.47756381,42.75318309,..
Fixed broadband subscriptions (per 100 people),IT.NET.BBND.P2,Djibouti,..,0.000553337,0.30255524,0.643049649,0.966145346,1.334914474,1.734073788,2.02822213,2.268047518,2.686020688,2.957549309,..
Fixed broadband subscriptions (per 100 people),IT.NET.BBND.P2,Dominica,..,0.11481221,9.875428523,10.28226942,11.67816544,11.63429084,11.85759723,14.8146605,14.90855808,20.85718217,21.21012915,..
Fixed broadband subscriptions (per 100 people),IT.NET.BBND.P2,Dominican Republic,..,..,2.452443259,3.192882829,3.898501687,4.177530486,4.706070215,5.062640328,5.698533776,6.441028019,6.47421232,..
Fixed broadband subscriptions (per 100 people),IT.NET.BBND.P2,Ecuador,..,..,1.074928878,1.634765984,1.475361228,4.321803831,5.445969679,6.725512804,8.256673168,9.740478849,9.739068144,..
Fixed broadband subscriptions (per 100 people),IT.NET.BBND.P2,"Egypt, Arab Rep.",..,..,1.019637571,1.403436896,1.859256987,2.324211721,2.835381399,3.26149297,3.679095785,4.517300321,5.196121387,..
Fixed broadband subscriptions (per 100 people),IT.NET.BBND.P2,El Salvador,..,..,2.00704642,2.416210667,2.818727943,3.292711503,3.844447402,4.485924825,4.995729784,5.493322287,6.007802944,..
Fixed broadband subscriptions (per 100 people),IT.NET.BBND.P2,Equatorial Guinea,..,..,0.027354584,0.026593741,0.170361422,0.187989877,0.201006117,0.4647206,0.498804078,0.47524807,0.487255824,..
Fixed broadband subscriptions (per 100 people),IT.NET.BBND.P2,Eritrea,..,..,0.000817515,0.001259471,0.002055334,0.002376597,0.003017491,0.002305335,0.003059893,0.007421003,0.008649452,..
Fixed broadband subscriptions (per 100 people),IT.NET.BBND.P2,Estonia,..,..,22.53050289,24.07010165,26.79046278,26.95608645,27.07723559,28.04021904,28.8999362,30.00475697,31.06762424,..
Fixed broadband subscriptions (per 100 people),IT.NET.BBND.P2,Ethiopia,..,..,0.001810674,0.004123151,0.004715525,0.007106815,0.009304597,0.252991591,0.488347718,0.48311082,0.551241333,..
Fixed broadband subscriptions (per 100 people),IT.NET.BBND.P2,Faroe Islands,..,..,29.995363,32.02016129,32.63145156,32.40499687,32.97378096,33.75851543,34.98180348,36.09786649,36.24465597,..
Fixed broadband subscriptions (per 100 people),IT.NET.BBND.P2,Fiji,..,..,1.544229965,1.505022411,2.701732246,2.678815238,1.54514131,1.240203617,1.400972011,1.426415914,1.373075167,..
Fixed broadband subscriptions (per 100 people),IT.NET.BBND.P2,Finland,..,0.676134873,30.42327271,29.29680739,29.05158697,29.80098288,30.46335135,31.7010248,32.30460125,31.67966037,31.21772685,..
Fixed broadband subscriptions (per 100 people),IT.NET.BBND.P2,France,..,0.332022835,28.50400464,31.56707101,33.74459556,35.77893103,37.50591895,38.79219701,40.17401945,41.34472681,42.35416592,..
Fixed broadband subscriptions (per 100 people),IT.NET.BBND.P2,French Polynesia,..,..,10.52621568,11.31448465,12.02954507,13.2903121,14.68149912,16.2192818,17.77476013,18.35735808,19.35945827,..
Fixed broadband subscriptions (per 100 people),IT.NET.BBND.P2,Gabon,..,..,0.14836365,0.243358973,0.262301908,0.282302636,0.306265206,0.532388672,0.631101377,0.632823568,0.73212286,..
Fixed broadband subscriptions (per 100 people),IT.NET.BBND.P2,"Gambia, The",..,..,0.0190116,0.018423761,0.0208254,0.025187813,0.027913858,0.02368483,0.143691257,0.181363101,0.18449059,..
Fixed broadband subscriptions (per 100 people),IT.NET.BBND.P2,Georgia,..,..,2.541211313,3.40824427,4.15688201,5.681096496,10.62474273,11.90839677,13.89886561,14.74192364,15.81081103,..
Fixed broadband subscriptions (per 100 people),IT.NET.BBND.P2,Germany,..,0.317317923,27.23706145,30.01174258,31.51381366,32.88230317,33.76408109,34.62242132,35.77980739,37.19317302,38.05448002,..
Fixed broadband subscriptions (per 100 people),IT.NET.BBND.P2,Ghana,..,..,0.099436875,0.11987827,0.214669301,0.262478432,0.268590866,0.265570614,0.265371483,0.271016569,0.314527932,..
Fixed broadband subscriptions (per 100 people),IT.NET.BBND.P2,Gibraltar,..,..,..,31.76615301,35.66471815,38.56195749,40.90909091,..,44.31566388,53.06602167,55.86242125,..
Fixed broadband subscriptions (per 100 people),IT.NET.BBND.P2,Greece,..,..,13.59732413,17.2698168,20.27590642,22.16368744,24.17541819,26.17895056,28.36049985,30.91035071,32.50921267,..
Fixed broadband subscriptions (per 100 people),IT.NET.BBND.P2,Greenland,..,..,21.19629466,22.16761831,21.9113642,20.99918765,20.03979784,18.95169074,18.19326849,17.45962462,..,..
Fixed broadband subscriptions (per 100 people),IT.NET.BBND.P2,Grenada,..,..,8.615248432,11.86143284,13.79195048,13.96539582,15.16832096,16.99764866,17.69564358,18.51744241,19.44724651,..
Fixed broadband subscriptions (per 100 people),IT.NET.BBND.P2,Guam,..,..,1.705514497,1.891300647,1.881585549,..,..,1.816816453,1.790553042,..,..,..
Fixed broadband subscriptions (per 100 people),IT.NET.BBND.P2,Guatemala,..,..,0.692393569,1.11516287,1.805938204,..,1.858417694,2.280976013,2.734816025,2.828940885,3.03840435,..
Fixed broadband subscriptions (per 100 people),IT.NET.BBND.P2,Guinea,..,..,..,..,0.004597264,0.005375607,0.006112857,0.0068113,0.007472664,0.008098631,0.008691392,..
Fixed broadband subscriptions (per 100 people),IT.NET.BBND.P2,Guinea-Bissau,..,..,..,..,0.050421524,0.061567711,0.072314882,0.085198518,0.079906152,0.058787567,0.039396345,..
Fixed broadband subscriptions (per 100 people),IT.NET.BBND.P2,Guyana,..,..,0.655375068,0.873562041,1.423817556,2.597100452,3.769445377,4.614732377,5.627260703,6.6476311,7.641123541,..
Fixed broadband subscriptions (per 100 people),IT.NET.BBND.P2,Haiti,..,..,..,..,..,..,..,..,0,0.012712507,0.012546644,..
Fixed broadband subscriptions (per 100 people),IT.NET.BBND.P2,Honduras,..,..,..,..,0.013121286,0.736690735,0.772154601,0.851983924,1.910867889,2.343078641,2.562728652,..
Fixed broadband subscriptions (per 100 people),IT.NET.BBND.P2,"Hong Kong SAR, China",..,6.502274004,27.77729939,29.30490243,30.74983609,32.39689537,31.54565585,31.02823274,31.42438621,32.10247763,35.46104221,..
Fixed broadband subscriptions (per 100 people),IT.NET.BBND.P2,Hungary,..,0.033254719,17.62456478,19.70595237,21.56265736,23.13965059,24.01752372,26.08914508,25.97897973,27.43098954,28.459294,..
Fixed broadband subscriptions (per 100 people),IT.NET.BBND.P2,Iceland,..,0.838507329,34.26601679,34.1206613,34.33886091,34.64782085,34.80561088,35.64628947,35.9154697,36.95445582,37.61897066,..
Fixed broadband subscriptions (per 100 people),IT.NET.BBND.P2,India,..,..,0.449490875,0.650824488,0.91156066,1.093323336,1.211477217,1.192172985,1.242699781,1.321185131,1.444284754,..
Fixed broadband subscriptions (per 100 people),IT.NET.BBND.P2,Indonesia,..,0.001914437,0.419034913,0.784810045,0.94746107,1.122379247,1.208356703,1.301419482,1.344871567,1.557631272,1.894337084,..
Fixed broadband subscriptions (per 100 people),IT.NET.BBND.P2,"Iran, Islamic Rep.",..,0.000267027,0.412876876,0.543899828,1.326240009,2.810378647,4.977062116,6.664099067,9.463216505,10.86343996,11.58205515,..
Fixed broadband subscriptions (per 100 people),IT.NET.BBND.P2,Iraq,..,..,0.000183487,0.000401151,0.010067056,..,..,..,..,..,..,..
Fixed broadband subscriptions (per 100 people),IT.NET.BBND.P2,Ireland,..,..,20.48054339,22.13804031,22.83044373,23.67483822,24.30307547,25.70061677,26.9118345,27.70270556,28.48257535,..
Fixed broadband subscriptions (per 100 people),IT.NET.BBND.P2,Isle of Man,..,..,..,..,..,..,..,..,..,..,..,..
Fixed broadband subscriptions (per 100 people),IT.NET.BBND.P2,Israel,..,..,23.69552211,23.68774303,23.74545306,24.91312031,25.34045099,25.90149621,27.24329902,27.43850391,28.126995,..
Fixed broadband subscriptions (per 100 people),IT.NET.BBND.P2,Italy,..,0.201803651,18.83337659,20.06721021,21.6464208,22.26059981,22.60565657,22.97575399,23.53658307,24.3696921,25.42560665,..
Fixed broadband subscriptions (per 100 people),IT.NET.BBND.P2,Jamaica,..,..,3.579549091,4.110438663,4.256269868,4.293401494,4.443792771,5.05824947,5.414891971,8.13606628,10.11877896,..
Fixed broadband subscriptions (per 100 people),IT.NET.BBND.P2,Japan,..,0.679837105,23.65520962,25.80483854,26.77740039,28.03678653,28.39488334,29.03697605,29.75510719,30.65225219,31.47121864,..
Fixed broadband subscriptions (per 100 people),IT.NET.BBND.P2,Jordan,..,..,2.467146276,3.850253676,4.54370666,4.406556917,4.284134376,4.514587219,4.687432543,4.164044131,5.838824108,..
Fixed broadband subscriptions (per 100 people),IT.NET.BBND.P2,Kazakhstan,..,..,2.166582928,3.667177521,5.4619249,7.413344193,10.06256391,11.91455706,12.93439983,13.72056451,13.68114134,..
Fixed broadband subscriptions (per 100 people),IT.NET.BBND.P2,Kenya,..,..,0.008464593,0.045700242,0.016783513,0.128828734,0.125869245,0.167165344,0.223538938,0.28900748,0.329190577,..
Fixed broadband subscriptions (per 100 people),IT.NET.BBND.P2,Kiribati,..,..,0.722330015,0.794623567,0.865535128,0.856423174,0.793761038,0.683921017,0.481037502,0.110842689,0.074633828,..
Fixed broadband subscriptions (per 100 people),IT.NET.BBND.P2,"Korea, Dem. People’s Rep.",..,..,..,..,..,..,..,..,..,..,..,..
Fixed broadband subscriptions (per 100 people),IT.NET.BBND.P2,"Korea, Rep.",..,8.417213659,32.32836279,33.94286624,35.48581435,36.64796736,37.24828904,38.03590701,38.77630457,40.24989913,41.13130234,..
Fixed broadband subscriptions (per 100 people),IT.NET.BBND.P2,Kosovo,..,..,..,..,..,..,..,..,..,..,..,..
Fixed broadband subscriptions (per 100 people),IT.NET.BBND.P2,Kuwait,..,..,1.480263827,1.578890861,1.537649002,1.504141991,1.445933175,1.395249975,1.379559696,1.534855594,2.755303804,..
Fixed broadband subscriptions (per 100 people),IT.NET.BBND.P2,Kyrgyz Republic,..,..,0.366191969,0.329615982,0.432171658,0.72250551,0.99765939,2.455138739,3.034765241,3.705999567,4.076121046,..
Fixed broadband subscriptions (per 100 people),IT.NET.BBND.P2,Lao PDR,..,..,0.047172831,0.068873996,0.092014761,0.100378543,0.114026441,0.133314091,0.16371975,0.524798095,0.341803749,..
Fixed broadband subscriptions (per 100 people),IT.NET.BBND.P2,Latvia,..,0.011975639,19.27307182,21.52658406,20.80229838,22.06160457,23.10883952,24.19138114,24.74142759,24.78648551,25.63563642,..
Fixed broadband subscriptions (per 100 people),IT.NET.BBND.P2,Lebanon,..,..,2.388865213,4.63865141,7.626859786,8.984358339,10.2469745,9.954435645,22.79819989,25.39282701,25.61726272,..
Fixed broadband subscriptions (per 100 people),IT.NET.BBND.P2,Lesotho,..,..,0.007098675,0.020101785,0.019911186,0.065976321,0.079744778,0.10966683,0.071608683,0.097258829,0.104104568,..
Fixed broadband subscriptions (per 100 people),IT.NET.BBND.P2,Liberia,..,..,0.00299506,0.003925222,0.004699355,0.001544232,0.012504668,0.11830249,0.136460616,0.155436767,0.173361979,..
Fixed broadband subscriptions (per 100 people),IT.NET.BBND.P2,Libya,..,..,0.786856123,1.056280468,1.205175899,1.146933109,1.093486961,1.043292444,1.004245335,0.965636022,2.641496039,..
Fixed broadband subscriptions (per 100 people),IT.NET.BBND.P2,Liechtenstein,..,..,43.70187173,44.5817411,42.22037652,37.36121798,39.32780445,40.6662153,41.96913481,41.89957556,42.40882103,..
Fixed broadband subscriptions (per 100 people),IT.NET.BBND.P2,Lithuania,..,..,18.77329948,20.43148022,22.13884698,23.9061689,25.39488925,27.71688997,26.6551363,27.78614917,28.70492982,..
Fixed broadband subscriptions (per 100 people),IT.NET.BBND.P2,Luxembourg,..,..,29.38581191,31.34209702,33.1508117,32.87569624,32.40132584,33.27802707,34.80133616,35.9495712,36.73188091,..
Fixed broadband subscriptions (per 100 people),IT.NET.BBND.P2,"Macao SAR, China",..,0.863843374,23.9531612,24.18287748,24.70530801,25.19980669,25.9699021,26.80132421,28.06313327,29.07823141,29.9996797,..
Fixed broadband subscriptions (per 100 people),IT.NET.BBND.P2,"Macedonia, FYR",..,..,8.62467475,11.08196013,12.30801212,13.38306661,14.8307232,16.06362693,16.79417046,17.18245007,17.87658467,..
Fixed broadband subscriptions (per 100 people),IT.NET.BBND.P2,Madagascar,..,..,0.017504078,0.02232664,0.025574572,0.03160672,0.139396788,0.165706639,0.105358222,0.097766118,0.057181677,..
Fixed broadband subscriptions (per 100 people),IT.NET.BBND.P2,Malawi,..,..,0.00697401,0.007095149,0.007226736,0.011191956,0.00778299,0.053640728,0.050870086,0.033826949,0.04882714,..
Fixed broadband subscriptions (per 100 people),IT.NET.BBND.P2,Malaysia,..,..,4.868812016,5.590435002,7.419055883,8.716237662,9.989423024,9.889300607,10.13982558,9.995766557,8.74052135,..
Fixed broadband subscriptions (per 100 people),IT.NET.BBND.P2,Maldives,..,..,4.893848198,4.811362072,4.775341271,5.313226735,5.335921665,5.89844735,5.643794159,6.473807269,7.219795336,..
Fixed broadband subscriptions (per 100 people),IT.NET.BBND.P2,Mali,..,..,0.04012696,0.060799617,0.057336067,0.058834395,0.029083913,0.019011022,0.018962183,0.021520935,0.034617706,..
Fixed broadband subscriptions (per 100 people),IT.NET.BBND.P2,Malta,..,0.40635145,23.33886254,26.87716378,29.63921288,30.1808817,31.73665853,33.33535352,35.23385083,37.84560302,39.62464925,..
Fixed broadband subscriptions (per 100 people),IT.NET.BBND.P2,Marshall Islands,..,..,..,..,..,..,..,2.439487784,2.599863564,1.887041685,1.875785485,..
Fixed broadband subscriptions (per 100 people),IT.NET.BBND.P2,Mauritania,..,..,0.17166725,0.192686338,0.160939985,0.16528198,0.176415997,0.193630652,0.200780182,0.236212522,0.254734895,..
Fixed broadband subscriptions (per 100 people),IT.NET.BBND.P2,Mauritius,..,..,4.292442959,5.940052541,7.631846027,9.574381939,11.35889677,13.05043463,14.56989587,15.74688831,16.90481302,..
Fixed broadband subscriptions (per 100 people),IT.NET.BBND.P2,Mexico,..,0.014440627,6.551936578,8.281171708,8.977171786,9.689971115,10.8213066,10.42068422,10.52714187,11.78393966,12.67391803,..
Fixed broadband subscriptions (per 100 people),IT.NET.BBND.P2,"Micronesia, Fed. Sts.",..,..,..,..,0.963143825,..,..,1.992293504,2.975852478,3.137085966,3.011355538,..
Fixed broadband subscriptions (per 100 people),IT.NET.BBND.P2,Moldova,..,..,3.168614963,5.207018272,7.577782853,10.05733111,11.90875434,13.45969436,14.7107512,15.54901787,16.33049773,..
Fixed broadband subscriptions (per 100 people),IT.NET.BBND.P2,Monaco,..,2.493687853,36.42885165,36.900369,37.45420003,42.72563807,43.26352484,44.66178531,46.76088898,47.89665971,48.22029947,..
Fixed broadband subscriptions (per 100 people),IT.NET.BBND.P2,Mongolia,..,..,1.234563212,1.499762557,2.829392297,3.41484615,3.93941106,4.921641677,6.845490844,7.117462924,7.63054255,..
Fixed broadband subscriptions (per 100 people),IT.NET.BBND.P2,Montenegro,..,..,6.425129597,9.578339318,10.42852673,10.42658916,14.1314901,15.40450897,16.71053605,18.08268282,18.48166124,..
Fixed broadband subscriptions (per 100 people),IT.NET.BBND.P2,Morocco,..,..,1.59336325,1.533106386,1.594378548,1.856574217,2.120285256,2.556762497,2.966153224,3.379554393,3.650809834,..
Fixed broadband subscriptions (per 100 people),IT.NET.BBND.P2,Mozambique,..,..,0.048918123,0.058850157,0.072277751,0.115428894,0.116801725,0.111683351,0.139708504,0.156958453,0.144932226,..
Fixed broadband subscriptions (per 100 people),IT.NET.BBND.P2,Myanmar,..,..,0.019531396,0.045090763,0.04419306,0.041829381,..,..,..,0.060779929,0.055394164,..
Fixed broadband subscriptions (per 100 people),IT.NET.BBND.P2,Namibia,..,..,0.015160194,0.022253345,0.433003345,0.794095286,1.064577964,1.551676605,1.755204882,1.930763218,2.1912609,..
Fixed broadband subscriptions (per 100 people),IT.NET.BBND.P2,Nauru,..,..,..,..,9.476309227,..,..,..,..,..,..,..
Fixed broadband subscriptions (per 100 people),IT.NET.BBND.P2,Nepal,..,..,0.04571531,0.064336171,0.224156165,0.348559143,0.83939301,1.120451414,0.891164315,1.064340033,0.779583579,..
Fixed broadband subscriptions (per 100 people),IT.NET.BBND.P2,Netherlands,..,1.639358423,35.17288001,37.00800457,38.09152836,38.98911966,39.81089407,40.526924,40.77378418,41.73008565,42.16312001,..
Fixed broadband subscriptions (per 100 people),IT.NET.BBND.P2,New Caledonia,..,..,10.63154422,13.63419313,15.50294465,17.12145597,18.92121428,20.89701204,22.4382659,21.04185113,..,..
Fixed broadband subscriptions (per 100 people),IT.NET.BBND.P2,New Zealand,..,0.120735131,21.3866578,23.64906206,24.99922164,26.68827707,28.52112581,29.20705293,30.97982598,31.56603565,32.39907664,..
Fixed broadband subscriptions (per 100 people),IT.NET.BBND.P2,Nicaragua,..,0.013723015,0.762387608,1.369902368,1.258611637,1.44098046,1.690863061,2.165734339,1.805870355,1.858991674,2.791422884,..
Fixed broadband subscriptions (per 100 people),IT.NET.BBND.P2,Niger,..,..,0.004186487,0.006534689,0.009437674,0.012803227,0.021384805,0.035892003,0.049636354,0.057088349,0.067888574,..
Fixed broadband subscriptions (per 100 people),IT.NET.BBND.P2,Nigeria,..,..,0.044823002,0.052746468,0.062055837,..,0.008457431,0.008665709,0.008817092,0.007896539,0.014891556,..
Fixed broadband subscriptions (per 100 people),IT.NET.BBND.P2,Northern Mariana Islands,..,..,..,..,..,..,..,..,..,..,..,..
Fixed broadband subscriptions (per 100 people),IT.NET.BBND.P2,Norway,..,0.518682546,33.01483505,34.49873843,35.23341983,36.1198393,37.20005006,37.89103037,38.82872172,39.71267249,40.37083807,..
Fixed broadband subscriptions (per 100 people),IT.NET.BBND.P2,Oman,..,..,1.251078167,1.544406329,2.089220371,2.585879143,3.419552378,4.247553438,4.509445072,5.609576065,6.190953212,..
Fixed broadband subscriptions (per 100 people),IT.NET.BBND.P2,Pakistan,..,..,0.100643033,0.230242691,0.455957357,0.662045266,0.846622047,0.89386286,1.084995545,0.953099019,0.859311935,..
Fixed broadband subscriptions (per 100 people),IT.NET.BBND.P2,Palau,..,..,0.548744315,0.697994495,1.167562286,2.513830923,4.326876747,8.62893202,5.261411575,5.748907989,..,..
Fixed broadband subscriptions (per 100 people),IT.NET.BBND.P2,Panama,..,..,5.521066673,6.482051503,7.0223766,7.56207687,7.751636452,7.951668793,7.897698864,7.928250347,9.548675545,..
Fixed broadband subscriptions (per 100 people),IT.NET.BBND.P2,Papua New Guinea,..,..,0.045596948,0.066414818,0.08893496,0.106944597,0.128365943,0.154344975,0.176562457,0.196545542,0.21827333,..
Fixed broadband subscriptions (per 100 people),IT.NET.BBND.P2,Paraguay,..,0.002803606,0.205259617,1.219951593,1.385400391,1.827160013,2.035960075,2.301811374,2.67615303,3.140335865,3.350441407,..
Fixed broadband subscriptions (per 100 people),IT.NET.BBND.P2,Peru,..,0.004146141,2.534662296,2.86049054,3.186646678,4.091749531,4.81123657,5.309563731,5.74296395,6.416508727,6.721873355,..
Fixed broadband subscriptions (per 100 people),IT.NET.BBND.P2,Philippines,..,..,1.157133017,1.874496117,..,1.884203303,2.219699958,2.614804906,2.897204314,4.783941598,5.457909609,..
Fixed broadband subscriptions (per 100 people),IT.NET.BBND.P2,Poland,..,..,11.6855642,14.65167284,15.33688245,18.24945259,18.02541074,18.39789139,18.92661232,19.00901334,19.22085468,..
Fixed broadband subscriptions (per 100 people),IT.NET.BBND.P2,Portugal,..,0.244066868,15.47252046,18.0690491,20.08244355,21.16545125,22.54641825,24.16401116,25.66846341,29.61530494,31.82308278,..
Fixed broadband subscriptions (per 100 people),IT.NET.BBND.P2,Puerto Rico,..,..,11.43372551,12.91522669,14.8670866,15.08226812,15.51673593,16.31014462,16.56894979,17.99640114,18.67599019,..
Fixed broadband subscriptions (per 100 people),IT.NET.BBND.P2,Qatar,..,..,7.812221786,9.255269225,8.332052171,8.613785532,9.028321679,9.936352783,9.904820108,10.11567936,10.76591884,..
Fixed broadband subscriptions (per 100 people),IT.NET.BBND.P2,Romania,..,..,11.46098045,12.83512108,13.72551423,15.05415373,16.27847466,17.46782106,18.55741138,19.75111127,20.67787954,..
Fixed broadband subscriptions (per 100 people),IT.NET.BBND.P2,Russian Federation,..,..,6.458930705,8.977676423,10.93178398,12.29436224,14.6143373,16.62447156,17.51313356,18.9175332,19.46634479,..
Fixed broadband subscriptions (per 100 people),IT.NET.BBND.P2,Rwanda,..,..,0.01095573,0.021026304,0.03637628,0.077573184,0.047984775,0.023614782,0.02410734,0.169979011,0.170231342,..
Fixed broadband subscriptions (per 100 people),IT.NET.BBND.P2,Samoa,..,..,0.087220078,0.108281358,0.107510119,..,0.573882015,0.650305717,1.053531494,1.078518641,1.229491344,..
Fixed broadband subscriptions (per 100 people),IT.NET.BBND.P2,San Marino,..,..,16.0398049,17.74056942,19.41609151,21.05771708,31.68944219,32.53307047,36.98201473,36.60461606,37.56809217,..
Fixed broadband subscriptions (per 100 people),IT.NET.BBND.P2,Sao Tome and Principe,..,..,0.204454007,0.255714616,0.328231254,0.402343089,0.41361418,0.506754131,0.555886842,0.647989703,0.686151772,..
Fixed broadband subscriptions (per 100 people),IT.NET.BBND.P2,Saudi Arabia,..,..,3.975133767,5.365345126,6.279160979,7.029306677,8.979652222,10.12769838,10.32446733,11.92389753,10.80958193,..
Fixed broadband subscriptions (per 100 people),IT.NET.BBND.P2,Senegal,..,..,0.386949986,0.466519481,0.607286293,0.695482928,0.696203219,0.755189171,0.710481063,0.672198851,0.639073483,..
Fixed broadband subscriptions (per 100 people),IT.NET.BBND.P2,Serbia,..,..,5.695465551,7.411935683,10.86650128,12.4134366,13.71315027,15.23280802,15.56662123,17.37876703,18.94738964,..
Fixed broadband subscriptions (per 100 people),IT.NET.BBND.P2,Seychelles,..,..,3.800805321,5.027766431,7.447811595,10.252835,11.45453167,13.36844826,12.67549782,14.31405593,14.90104897,..
Fixed broadband subscriptions (per 100 people),IT.NET.BBND.P2,Sierra Leone,..,..,..,..,..,..,..,..,..,..,..,..
Fixed broadband subscriptions (per 100 people),IT.NET.BBND.P2,Singapore,..,1.761017654,22.092629,24.84735045,26.35180486,27.12154021,27.01732367,27.59557606,26.71692494,26.45017696,25.44654773,..
Fixed broadband subscriptions (per 100 people),IT.NET.BBND.P2,Sint Maarten (Dutch part),..,..,..,..,..,..,..,..,..,..,..,..
Fixed broadband subscriptions (per 100 people),IT.NET.BBND.P2,Slovak Republic,..,..,11.16601181,14.28663067,16.13993132,17.51936904,19.19824921,20.34889215,21.84052742,23.33891363,24.47242172,..
Fixed broadband subscriptions (per 100 people),IT.NET.BBND.P2,Slovenia,..,..,20.9249829,21.96553451,22.90525121,23.97592184,24.63277131,25.31958299,26.77862509,27.36905899,28.2503192,..
Fixed broadband subscriptions (per 100 people),IT.NET.BBND.P2,Solomon Islands,..,..,0.297890341,0.388376663,0.47906057,0.451675381,0.387919898,0.335690651,0.233039198,0.242950168,0.213395607,..
Fixed broadband subscriptions (per 100 people),IT.NET.BBND.P2,Somalia,..,..,..,..,..,..,0.392344034,0.571669054,0.647809188,0.737230339,0.803762026,..
Fixed broadband subscriptions (per 100 people),IT.NET.BBND.P2,South Africa,..,..,0.847466259,0.945184357,1.444054491,1.745941759,2.113545014,3.060493447,3.211005186,2.634720283,2.841486292,..
Fixed broadband subscriptions (per 100 people),IT.NET.BBND.P2,South Sudan,..,..,..,..,1.93E-05,3.85E-05,0.000156862,0.000885256,0.000851882,0.001234332,0.001197048,..
Fixed broadband subscriptions (per 100 people),IT.NET.BBND.P2,Spain,..,0.189554715,20.19291839,21.42007308,23.06605005,24.00950447,24.64903463,26.10878739,27.63110934,28.69316342,29.45343783,..
Fixed broadband subscriptions (per 100 people),IT.NET.BBND.P2,Sri Lanka,..,..,0.49833792,0.823234513,1.099852742,1.715607517,1.677876286,1.994793644,2.646679824,2.896176087,4.098086111,..
Fixed broadband subscriptions (per 100 people),IT.NET.BBND.P2,St. Kitts and Nevis,..,..,21.72568969,25.12999942,27.88814181,23.78660022,24.26097342,24.54282076,25.58542773,29.57237793,29.31031401,..
Fixed broadband subscriptions (per 100 people),IT.NET.BBND.P2,St. Lucia,..,..,8.988965693,10.60844749,11.55092814,11.90376581,13.586001,13.55329643,15.34820641,15.37063973,15.92747454,..
Fixed broadband subscriptions (per 100 people),IT.NET.BBND.P2,St. Martin (French part),..,..,..,..,..,..,..,..,..,..,..,..
Fixed broadband subscriptions (per 100 people),IT.NET.BBND.P2,St. Vincent and the Grenadines,..,..,8.578390956,10.53281952,11.43656921,12.11536527,12.44914193,13.35247273,13.45512064,15.50642749,19.98829864,..
Fixed broadband subscriptions (per 100 people),IT.NET.BBND.P2,Sudan,..,..,0.107750422,..,0.03099747,0.04784397,0.066645429,0.067713604,0.053664935,0.069883241,0.064123281,..
Fixed broadband subscriptions (per 100 people),IT.NET.BBND.P2,Suriname,..,..,1.116863159,1.743458426,2.884600731,4.371782747,5.47535175,6.878666953,8.530587857,9.607151713,12.88137494,..
Fixed broadband subscriptions (per 100 people),IT.NET.BBND.P2,Swaziland,..,..,0.066901863,0.128144176,0.306583928,0.661959363,0.278557415,0.336130688,0.402302115,0.466737559,0.537284885,..
Fixed broadband subscriptions (per 100 people),IT.NET.BBND.P2,Sweden,..,2.806492669,31.43444502,31.63264966,31.97017745,32.04011233,32.31072303,32.88664162,34.07038808,36.06645552,36.2831678,..
Fixed broadband subscriptions (per 100 people),IT.NET.BBND.P2,Switzerland,..,0.78731927,33.40227742,35.40334671,37.20713045,38.89147463,40.16769702,42.56208317,42.47296117,45.10760917,46.27466695,..
Fixed broadband subscriptions (per 100 people),IT.NET.BBND.P2,Syrian Arab Republic,..,..,0.054334855,0.164785794,0.324237889,0.55631068,1.106247226,1.580715297,2.279541439,3.143948465,4.011871871,..
Fixed broadband subscriptions (per 100 people),IT.NET.BBND.P2,Tajikistan,..,..,0.050280045,0.059081053,0.061620547,0.064236678,0.067424232,0.070664197,0.072541782,0.069683303,0.068094997,..
Fixed broadband subscriptions (per 100 people),IT.NET.BBND.P2,Tanzania,..,..,0.015162752,0.015918972,0.016796621,0.060982072,0.086484539,0.114561256,0.16667501,0.202712539,0.254405311,..
Fixed broadband subscriptions (per 100 people),IT.NET.BBND.P2,Thailand,..,..,3.131809854,3.959540618,4.897195152,5.850427446,6.76648938,7.748039255,8.092471722,9.241737473,10.6883505,..
Fixed broadband subscriptions (per 100 people),IT.NET.BBND.P2,Timor-Leste,..,..,0.006760334,0.044258972,0.046319885,0.05016907,0.05385484,0.061789476,0.089202118,0.087663345,0.086122542,..
Fixed broadband subscriptions (per 100 people),IT.NET.BBND.P2,Togo,..,..,0.031916541,0.067800946,0.431730726,0.525917818,0.624619144,0.10143785,0.180316889,0.880069538,0.607036414,..
Fixed broadband subscriptions (per 100 people),IT.NET.BBND.P2,Tonga,..,..,0.70036038,0.965651767,1.056696574,1.243376628,1.429374601,1.614082394,1.701612751,2.310606417,2.800126939,..
Fixed broadband subscriptions (per 100 people),IT.NET.BBND.P2,Trinidad and Tobago,..,..,6.490718592,9.834043847,12.26192403,12.92628661,15.05937841,15.84445003,18.35542149,19.97219865,18.94118546,..
Fixed broadband subscriptions (per 100 people),IT.NET.BBND.P2,Tunisia,..,..,2.187642545,3.54751939,4.535475078,5.201843231,4.848847094,4.728625387,4.486233076,5.108716781,5.648053663,..
Fixed broadband subscriptions (per 100 people),IT.NET.BBND.P2,Turkey,..,..,8.181747781,9.054167904,9.839762223,10.39078637,10.63415326,11.86851402,11.69133624,12.39344232,13.55059996,..
Fixed broadband subscriptions (per 100 people),IT.NET.BBND.P2,Turkmenistan,..,..,0.001525152,0.009339296,0.014339562,0.021540464,0.02706396,0.034350673,0.04333759,0.055829669,0.073547434,..
Fixed broadband subscriptions (per 100 people),IT.NET.BBND.P2,Turks and Caicos Islands,..,..,..,..,..,..,..,..,..,..,..,..
Fixed broadband subscriptions (per 100 people),IT.NET.BBND.P2,Tuvalu,..,..,2.962811606,1.019575856,2.442250941,4.571312475,5.578093306,7.087889834,9.096422074,10.08471158,10.05833836,..
Fixed broadband subscriptions (per 100 people),IT.NET.BBND.P2,Uganda,..,..,0.015098116,0.018256877,0.041191962,0.101041127,0.105651648,0.110434383,0.142099458,0.201099806,0.261064853,..
Fixed broadband subscriptions (per 100 people),IT.NET.BBND.P2,Ukraine,..,..,3.443722578,4.123207433,6.418779324,6.921824579,8.005667655,8.834340341,9.293523561,11.80934808,11.98652729,..
Fixed broadband subscriptions (per 100 people),IT.NET.BBND.P2,United Arab Emirates,..,0.065194003,8.201308057,8.945263859,9.320790752,9.713822686,10.37393227,11.14829466,11.55839995,12.88953223,13.29981078,..
Fixed broadband subscriptions (per 100 people),IT.NET.BBND.P2,United Kingdom,..,0.089717904,28.22289871,28.97405523,30.85650759,32.98080381,34.54060538,36.49218559,37.37610065,38.61345092,39.17956479,..
Fixed broadband subscriptions (per 100 people),IT.NET.BBND.P2,United States,..,2.484192986,25.15186724,25.84623436,27.06894497,28.04499973,29.13778444,30.00493209,30.32087809,31.43196373,32.36960518,..
Fixed broadband subscriptions (per 100 people),IT.NET.BBND.P2,Uruguay,..,..,7.301834813,9.447716677,11.37458622,13.9759999,17.10237794,21.63382997,24.57842088,26.2662912,26.78952985,..
Fixed broadband subscriptions (per 100 people),IT.NET.BBND.P2,Uzbekistan,..,..,0.244086563,0.323935676,0.424930148,0.524869754,0.772824116,1.058612429,2.797791094,6.017469175,9.128153275,..
Fixed broadband subscriptions (per 100 people),IT.NET.BBND.P2,Vanuatu,..,..,0.088731932,0.216606811,0.211596325,0.139384063,0.125373086,0.122644533,1.768866555,1.628342327,1.625440123,..
Fixed broadband subscriptions (per 100 people),IT.NET.BBND.P2,"Venezuela, RB",..,0.018326294,3.96553566,4.903425248,5.760629747,6.154574691,6.799278326,7.345554332,7.779508983,8.244989519,8.23271469,..
Fixed broadband subscriptions (per 100 people),IT.NET.BBND.P2,Vietnam,..,..,2.345166179,3.644194002,4.120638136,4.268754452,5.259460934,5.620190888,6.483694578,8.199909345,9.910908178,..
Fixed broadband subscriptions (per 100 people),IT.NET.BBND.P2,Virgin Islands (U.S.),..,..,6.944600517,8.448324416,8.554078698,..,..,8.534423739,8.521237546,8.418610742,..,..
Fixed broadband subscriptions (per 100 people),IT.NET.BBND.P2,West Bank and Gaza,..,..,..,..,..,3.790871565,4.417874305,4.924883763,5.30027538,6.034538666,6.872838969,..
Fixed broadband subscriptions (per 100 people),IT.NET.BBND.P2,"Yemen, Rep.",..,..,0.119795954,0.242919078,0.369019771,0.467726727,0.70139666,1.052140744,1.361715326,1.546891207,1.64860435,..
Fixed broadband subscriptions (per 100 people),IT.NET.BBND.P2,Zambia,..,0.000207901,0.045783227,0.083446192,0.077680348,0.120399337,0.106564082,0.092491457,0.136615387,0.150712608,0.198230198,..
Fixed broadband subscriptions (per 100 people),IT.NET.BBND.P2,Zimbabwe,..,..,0.14080055,0.365662967,0.252351881,0.25451506,0.523924068,0.734406962,1.042746839,1.089896905,1.103375138,..
Fixed broadband subscriptions (per 100 people),IT.NET.BBND.P2,Arab World,..,..,1.294257521,1.998055387,2.078842227,2.727606806,3.123042953,3.503220005,4.015257369,4.744564641,5.178232432,..
Fixed broadband subscriptions (per 100 people),IT.NET.BBND.P2,Caribbean small states,..,..,4.87356096,6.305277668,6.825125928,7.139740667,8.928084942,9.537050341,10.56689826,12.3971025,13.65616529,..
Fixed broadband subscriptions (per 100 people),IT.NET.BBND.P2,Central Europe and the Baltics,..,..,13.33966463,15.7536686,16.98182755,19.03031971,19.68555743,20.74121643,21.46250808,22.09703332,22.71745617,..
Fixed broadband subscriptions (per 100 people),IT.NET.BBND.P2,Early-demographic dividend,..,..,1.153078094,1.493891161,1.772213367,2.057668773,2.394286285,2.629193936,2.887260667,3.229415696,3.544843788,..
Fixed broadband subscriptions (per 100 people),IT.NET.BBND.P2,East Asia & Pacific,..,0.324029971,6.937349527,8.190224188,9.707598021,10.86906609,12.11497251,12.83012175,13.45354718,16.64516107,18.79612056,..
Fixed broadband subscriptions (per 100 people),IT.NET.BBND.P2,East Asia & Pacific (excluding high income),..,0.001790022,4.681940186,5.909603686,7.370950638,8.663836958,9.922402659,10.63657479,11.2331218,14.85498113,17.16334694,..
Fixed broadband subscriptions (per 100 people),IT.NET.BBND.P2,East Asia & Pacific (IDA & IBRD countries),..,0.001790022,4.681896904,5.909549238,7.370882723,8.663772915,9.922342864,10.63655334,11.23305793,14.85488616,17.16334694,..
Fixed broadband subscriptions (per 100 people),IT.NET.BBND.P2,Euro area,..,0.447929938,23.92290745,26.06204382,27.74419773,28.97996608,29.942537,30.98217131,32.12455623,33.35489541,34.30642494,..
Fixed broadband subscriptions (per 100 people),IT.NET.BBND.P2,Europe & Central Asia,..,..,15.51496817,17.33400539,18.96613909,20.30919584,21.51839457,22.80892476,23.69744835,24.94659483,25.73811869,..
Fixed broadband subscriptions (per 100 people),IT.NET.BBND.P2,Europe & Central Asia (excluding high income),..,..,5.643709019,7.274744263,8.930966565,10.09551027,11.61929583,13.06305541,13.72977539,15.10219891,15.88085987,..
Fixed broadband subscriptions (per 100 people),IT.NET.BBND.P2,Europe & Central Asia (IDA & IBRD countries),..,..,6.168439156,7.913481216,9.484044353,10.79773825,12.16967599,13.52037533,14.17681314,15.43758163,16.16645103,..
Fixed broadband subscriptions (per 100 people),IT.NET.BBND.P2,European Union,..,0.436367437,22.68460298,24.66277208,26.26434628,27.75668405,28.71157506,29.86541743,30.9084235,32.04239332,32.86412795,..
Fixed broadband subscriptions (per 100 people),IT.NET.BBND.P2,Fragile and conflict affected situations,..,..,0.097170038,0.166958033,0.18258366,..,..,0.483498527,0.741672922,0.762737078,0.846380645,..
Fixed broadband subscriptions (per 100 people),IT.NET.BBND.P2,Heavily indebted poor countries (HIPC),..,..,0.06787158,0.082841938,0.083260558,0.13561677,0.158387835,0.193387624,0.251538927,0.278782664,0.33071169,..
Fixed broadband subscriptions (per 100 people),IT.NET.BBND.P2,High income,..,1.672953322,23.58213138,25.01184685,26.32288131,27.51478152,28.45769259,29.41884758,30.17964936,31.09161394,31.89051207,..
Fixed broadband subscriptions (per 100 people),IT.NET.BBND.P2,IBRD only,..,..,3.531444647,4.451056771,5.428021826,6.471706792,7.216304062,7.786504697,8.263257275,10.27012072,11.49889465,..
Fixed broadband subscriptions (per 100 people),IT.NET.BBND.P2,IDA & IBRD total,..,..,2.791326881,3.536050407,4.201710114,5.251072739,5.680465629,6.07214963,6.459741561,7.943588819,8.879866192,..
Fixed broadband subscriptions (per 100 people),IT.NET.BBND.P2,IDA blend,..,..,0.121282403,0.207361922,0.325305281,..,0.529269584,0.587901885,0.791208475,0.948040355,1.109078753,..
Fixed broadband subscriptions (per 100 people),IT.NET.BBND.P2,IDA only,..,..,0.055569478,0.110809761,0.131265583,0.193203585,0.266130516,0.42134234,0.650296989,0.842171192,0.989449292,..
Fixed broadband subscriptions (per 100 people),IT.NET.BBND.P2,IDA total,..,..,0.079544904,0.147167847,0.197866883,0.318716388,0.362912635,0.479792738,0.699363068,0.877354441,1.029192146,..
Fixed broadband subscriptions (per 100 people),IT.NET.BBND.P2,Late-demographic dividend,..,0.009487489,5.785570863,7.229791238,8.670704962,10.49819161,11.70684178,12.66020022,13.4510323,17.14165253,19.354608,..
Fixed broadband subscriptions (per 100 people),IT.NET.BBND.P2,Latin America & Caribbean,..,0.034975224,4.926214083,5.903069444,6.697442714,8.022931603,8.657179007,9.366352838,9.844376148,10.5934624,11.20688009,..
Fixed broadband subscriptions (per 100 people),IT.NET.BBND.P2,Latin America & Caribbean (excluding high income),..,0.03437534,4.735865623,5.684020339,6.471710607,7.800577361,8.408007092,9.098303197,9.548926174,10.2760062,10.89016612,..
Fixed broadband subscriptions (per 100 people),IT.NET.BBND.P2,Latin America & the Caribbean (IDA & IBRD countries),..,0.034975224,4.969459668,5.95973821,6.763568698,8.125227992,8.758108636,9.479462438,9.961882728,10.71918574,11.34118029,..
Fixed broadband subscriptions (per 100 people),IT.NET.BBND.P2,Least developed countries: UN classification,..,..,0.04382886,0.094255138,0.110717054,0.153568998,0.210693124,0.355956003,0.573588622,0.767644003,0.887509137,..
Fixed broadband subscriptions (per 100 people),IT.NET.BBND.P2,Low & middle income,..,..,2.702014843,3.427025417,4.091691781,5.120541266,5.556016732,5.946524123,6.330359326,7.823031185,8.76445014,..
Fixed broadband subscriptions (per 100 people),IT.NET.BBND.P2,Low income,..,..,0.035444752,0.051677742,0.061742688,0.107252552,0.152980109,0.198982661,0.236459727,0.269049724,0.274420017,..
Fixed broadband subscriptions (per 100 people),IT.NET.BBND.P2,Lower middle income,..,..,0.526992735,0.791628128,0.991700047,1.261760723,1.384406054,1.501730043,1.69906999,2.014222406,2.30142561,..
Fixed broadband subscriptions (per 100 people),IT.NET.BBND.P2,Middle East & North Africa,..,..,1.731463475,2.184784045,2.646097514,3.552372268,4.440906054,5.147485996,6.224661831,7.186716744,7.747350073,..
Fixed broadband subscriptions (per 100 people),IT.NET.BBND.P2,Middle East & North Africa (excluding high income),..,..,0.831590451,1.171924713,1.597285518,2.400066812,3.223922297,3.899975926,5.113054034,6.052856506,6.771323028,..
Fixed broadband subscriptions (per 100 people),IT.NET.BBND.P2,Middle East & North Africa (IDA & IBRD countries),..,..,0.831590451,1.171924713,1.597285518,2.380907737,3.207322441,3.88558862,5.110400061,6.053118725,6.769855625,..
Fixed broadband subscriptions (per 100 people),IT.NET.BBND.P2,Middle income,..,..,2.901068056,3.692428809,4.484722653,5.540840071,6.044869294,6.543377694,6.985947452,8.648094902,9.706677888,..
Fixed broadband subscriptions (per 100 people),IT.NET.BBND.P2,North America,..,2.689827474,25.5831746,26.30921852,27.53136737,28.50595785,29.57454578,30.4436371,30.82663117,31.92061296,32.85736376,..
Fixed broadband subscriptions (per 100 people),IT.NET.BBND.P2,Not classified,..,..,..,..,..,..,..,..,..,..,..,..
Fixed broadband subscriptions (per 100 people),IT.NET.BBND.P2,OECD members,..,1.48825548,21.89050819,23.34900326,24.59607194,25.72375864,26.57491774,27.39694626,28.04432959,29.11433267,29.99498455,..
Fixed broadband subscriptions (per 100 people),IT.NET.BBND.P2,Other small states,..,..,4.421528128,5.194570028,5.322343146,6.152825843,6.417452491,6.802827017,7.017245055,7.170449641,7.430588447,..
Fixed broadband subscriptions (per 100 people),IT.NET.BBND.P2,Pacific island small states,..,..,0.841620763,0.871204161,1.431245464,1.548128271,0.991495742,0.991674861,1.262278898,1.268181037,1.22275801,..
Fixed broadband subscriptions (per 100 people),IT.NET.BBND.P2,Post-demographic dividend,..,1.718987383,23.74252168,25.2139149,26.71372669,27.8963297,28.8545546,29.84465462,30.64228394,31.84553355,32.72586266,..
Fixed broadband subscriptions (per 100 people),IT.NET.BBND.P2,Pre-demographic dividend,..,..,0.044016182,0.049318994,0.0526761,..,0.091387363,0.090352305,0.113075012,0.143368072,0.156298774,..
Fixed broadband subscriptions (per 100 people),IT.NET.BBND.P2,Small states,..,..,4.294313491,5.16179402,5.38123043,6.101782379,6.593239471,6.970327355,7.342295594,7.802918738,8.23071265,..
Fixed broadband subscriptions (per 100 people),IT.NET.BBND.P2,South Asia,..,..,0.359881974,0.546190504,0.77838878,0.967313221,1.073950407,1.128216268,1.282707115,1.43603423,1.594942925,..
Fixed broadband subscriptions (per 100 people),IT.NET.BBND.P2,South Asia (IDA & IBRD),..,..,0.359881974,0.546190504,0.77838878,0.967313221,1.073950407,1.128216268,1.282707115,1.43603423,1.594942925,..
Fixed broadband subscriptions (per 100 people),IT.NET.BBND.P2,Sub-Saharan Africa,..,..,0.11216441,0.134152705,0.161159807,0.26459541,0.249333207,0.320946253,0.376224073,0.369099229,0.400104424,..
Fixed broadband subscriptions (per 100 people),IT.NET.BBND.P2,Sub-Saharan Africa (excluding high income),..,..,0.111700118,0.133525041,0.160363652,0.263128555,0.24810218,0.319637897,0.375016318,0.367759235,0.39874022,..
Fixed broadband subscriptions (per 100 people),IT.NET.BBND.P2,Sub-Saharan Africa (IDA & IBRD countries),..,..,0.11216441,0.134152705,0.161159807,0.26459541,0.249333207,0.320946253,0.376224073,0.369099229,0.400104424,..
Fixed broadband subscriptions (per 100 people),IT.NET.BBND.P2,Upper middle income,..,0.008845209,5.452011796,6.787058449,8.151779219,9.971218601,11.18238546,12.14241937,12.89549397,16.24932675,18.25900279,..
Fixed broadband subscriptions (per 100 people),IT.NET.BBND.P2,World,..,..,6.289640777,7.135019455,7.879633046,9.035391755,9.429114339,9.858920266,10.27759402,11.62203873,12.51651425,..